company_name,normalized_company_name,is_relevant,relevance_reason,company_category,official_careers_url,job_board_type,job_board_query_url,greenhouse_slug,lever_slug,ashby_slug,workday_cxs_url,supported_locations,source_confidence,scrape_method,scrape_frequency,last_validated_at,validation_notes,priority_level
1729 Technologies,1729 technologies,needs_review,tech/data provider — include only if it serves trading; needs manual review,tech or data provider,,,,,,,,,,,daily,2026-07-05,,review
Da Vinci Trading,da vinci trading,yes,seed category 'prop trading or market making',prop trading or market making,,,,,,,,,needs_review,,daily,2026-07-05,no public ATS endpoint found; set workday_cxs_url or careers URL manually,high
Saber Capital,saber,yes,seed category 'hedge fund or asset manager',hedge fund or asset manager,,,,,,,,,needs_review,,daily,2026-07-05,no public ATS endpoint found; set workday_cxs_url or careers URL manually,high
323 Trading,323 trading,yes,seed category 'prop trading or market making',prop trading or market making,,,,,,,,,needs_review,,daily,2026-07-05,no public ATS endpoint found; set workday_cxs_url or careers URL manually,high
Danske Commodities,danske commodities,yes,seed category 'energy or commodities',energy or commodities,,,,,,,,,needs_review,,daily,2026-07-05,no public ATS endpoint found; set workday_cxs_url or careers URL manually,medium
Jump Trading,jump trading,yes,seed category 'prop trading or market making',prop trading or market making,,greenhouse,https://boards-api.greenhouse.io/v1/boards/jumptrading/jobs,jumptrading,,,,,verified,api,daily,2026-07-05,,high
Sanjin Capital Management,sanjin,yes,seed category 'hedge fund or asset manager',hedge fund or asset manager,,,,,,,,,needs_review,,daily,2026-07-05,no public ATS endpoint found; set workday_cxs_url or careers URL manually,high
3iQ Digital Assets,3iq digital,yes,seed category 'crypto or digital assets',crypto or digital assets,,,,,,,,,needs_review,,daily,2026-07-05,no public ATS endpoint found; set workday_cxs_url or careers URL manually,medium
DE Shaw,de shaw,needs_review,no category match and no quant-finance name signal — needs manual review,needs validation,,,,,,,,,,,daily,2026-07-05,,review
Kbit Crypto Trading,kbit crypto trading,yes,seed category 'crypto or digital assets',crypto or digital assets,,,,,,,,,needs_review,,daily,2026-07-05,no public ATS endpoint found; set workday_cxs_url or careers URL manually,high
Santander Bank,santander bank,yes,seed category 'bank or broker dealer',bank or broker dealer,,,,,,,,,needs_review,,daily,2026-07-05,no public ATS endpoint found; set workday_cxs_url or careers URL manually,medium
3Red Partners,3red,yes,seed category 'hedge fund or asset manager',hedge fund or asset manager,,,,,,,,,needs_review,,daily,2026-07-05,no public ATS endpoint found; set workday_cxs_url or careers URL manually,medium
Deep Blue Capital,deep blue,yes,seed category 'hedge fund or asset manager',hedge fund or asset manager,,greenhouse,https://boards-api.greenhouse.io/v1/boards/deepblue/jobs,deepblue,,,,,verified,api,daily,2026-07-05,,high
Kepos Capital,kepos,yes,seed category 'hedge fund or asset manager',hedge fund or asset manager,,,,,,,,,needs_review,,daily,2026-07-05,no public ATS endpoint found; set workday_cxs_url or careers URL manually,high
Sarpen Investments,sarpen,yes,seed category 'hedge fund or asset manager',hedge fund or asset manager,,,,,,,,,needs_review,,daily,2026-07-05,no public ATS endpoint found; set workday_cxs_url or careers URL manually,medium
4170 Trading,4170 trading,yes,seed category 'prop trading or market making',prop trading or market making,,,,,,,,,needs_review,,daily,2026-07-05,no public ATS endpoint found; set workday_cxs_url or careers URL manually,high
Deribit,deribit,needs_review,no category match and no quant-finance name signal — needs manual review,needs validation,,,,,,,,,,,daily,2026-07-05,,review
Kershner Trading Group,kershner trading,yes,seed category 'prop trading or market making',prop trading or market making,,,,,,,,,needs_review,,daily,2026-07-05,no public ATS endpoint found; set workday_cxs_url or careers URL manually,high
SCALP Trade,scalp trade,yes,seed category 'prop trading or market making',prop trading or market making,,,,,,,,,needs_review,,daily,2026-07-05,no public ATS endpoint found; set workday_cxs_url or careers URL manually,review
A Priori Investments,a priori,yes,seed category 'hedge fund or asset manager',hedge fund or asset manager,,,,,,,,,needs_review,,daily,2026-07-05,no public ATS endpoint found; set workday_cxs_url or careers URL manually,medium
Delta Exchange,delta exchange,yes,name signals: exchange,needs validation,,,,,,,,,needs_review,,daily,2026-07-05,no public ATS endpoint found; set workday_cxs_url or careers URL manually,review
Kronos,kronos,needs_review,no category match and no quant-finance name signal — needs manual review,needs validation,,,,,,,,,,,daily,2026-07-05,,review
Schonfeld,schonfeld,needs_review,no category match and no quant-finance name signal — needs manual review,needs validation,,,,,,,,,,,daily,2026-07-05,,review
AllState,allstate,needs_review,no category match and no quant-finance name signal — needs manual review,needs validation,,,,,,,,,,,daily,2026-07-05,,review
Dexterity Capital,dexterity,yes,seed category 'hedge fund or asset manager',hedge fund or asset manager,,lever,https://api.lever.co/v0/postings/dexterity?mode=json,,dexterity,,,,verified,api,daily,2026-07-05,,high
Keyrock,keyrock,yes,seed category 'crypto or digital assets',crypto or digital assets,,ashby,https://api.ashbyhq.com/posting-api/job-board/keyrock,,,keyrock,,,verified,api,daily,2026-07-05,,medium
Schroders,schroders,needs_review,no category match and no quant-finance name signal — needs manual review,needs validation,,,,,,,,,,,daily,2026-07-05,,review
ABC Arbitrage,abc arbitrage,yes,seed category 'prop trading or market making',prop trading or market making,,greenhouse,https://boards-api.greenhouse.io/v1/boards/abc/jobs,abc,,,,,verified,api,daily,2026-07-05,,high
Dolat Capital,dolat,yes,seed category 'hedge fund or asset manager',hedge fund or asset manager,,,,,,,,,needs_review,,daily,2026-07-05,no public ATS endpoint found; set workday_cxs_url or careers URL manually,high
Koch Supply & Trading,koch supply and trading,yes,seed category 'prop trading or market making',prop trading or market making,,greenhouse,https://boards-api.greenhouse.io/v1/boards/koch/jobs,koch,,,,,verified,api,daily,2026-07-05,,high
Science Vessel Lab,science vessel lab,needs_review,no category match and no quant-finance name signal — needs manual review,needs validation,,,,,,,,,,,daily,2026-07-05,,review
Aberdeen,aberdeen,needs_review,no category match and no quant-finance name signal — needs manual review,needs validation,,,,,,,,,,,daily,2026-07-05,,review
DBS,dbs,needs_review,no category match and no quant-finance name signal — needs manual review,needs validation,,,,,,,,,,,daily,2026-07-05,,review
Kore Trading,kore trading,yes,seed category 'prop trading or market making',prop trading or market making,,,,,,,,,needs_review,,daily,2026-07-05,no public ATS endpoint found; set workday_cxs_url or careers URL manually,high
Sealand Securities,sealand securities,yes,seed category 'bank or broker dealer',bank or broker dealer,,,,,,,,,needs_review,,daily,2026-07-05,no public ATS endpoint found; set workday_cxs_url or careers URL manually,high
Acadian Asset Management,acadian,yes,seed category 'hedge fund or asset manager',hedge fund or asset manager,,,,,,,,,needs_review,,daily,2026-07-05,no public ATS endpoint found; set workday_cxs_url or careers URL manually,medium
DRW,drw,needs_review,no category match and no quant-finance name signal — needs manual review,needs validation,,,,,,,,,,,daily,2026-07-05,,high
Laurion Capital Management,laurion,yes,seed category 'hedge fund or asset manager',hedge fund or asset manager,,,,,,,,,needs_review,,daily,2026-07-05,no public ATS endpoint found; set workday_cxs_url or careers URL manually,high
Seamless Capital,seamless,yes,seed category 'hedge fund or asset manager',hedge fund or asset manager,,,,,,,,,needs_review,,daily,2026-07-05,no public ATS endpoint found; set workday_cxs_url or careers URL manually,high
ACT Commodities,act commodities,yes,seed category 'energy or commodities',energy or commodities,,,,,,,,,needs_review,,daily,2026-07-05,no public ATS endpoint found; set workday_cxs_url or careers URL manually,medium
Deutsche Bank,deutsche bank,yes,seed category 'bank or broker dealer',bank or broker dealer,,,,,,,,,needs_review,,daily,2026-07-05,no public ATS endpoint found; set workday_cxs_url or careers URL manually,high
Lazard,lazard,needs_review,no category match and no quant-finance name signal — needs manual review,needs validation,,,,,,,,,,,daily,2026-07-05,,review
SESCO,sesco,needs_review,no category match and no quant-finance name signal — needs manual review,needs validation,,,,,,,,,,,daily,2026-07-05,,review
ADIA,adia,needs_review,no category match and no quant-finance name signal — needs manual review,needs validation,,,,,,,,,,,daily,2026-07-05,,review
Duality Group,duality,needs_review,no category match and no quant-finance name signal — needs manual review,needs validation,,,,,,,,,,,daily,2026-07-05,,review
Linden Shore,linden shore,needs_review,no category match and no quant-finance name signal — needs manual review,needs validation,,,,,,,,,,,daily,2026-07-05,,review
Seven Eight Capital,seven eight,yes,seed category 'hedge fund or asset manager',hedge fund or asset manager,,,,,,,,,needs_review,,daily,2026-07-05,no public ATS endpoint found; set workday_cxs_url or careers URL manually,high
ADM,adm,yes,seed category 'energy or commodities',energy or commodities,,,,,,,,,needs_review,,daily,2026-07-05,no public ATS endpoint found; set workday_cxs_url or careers URL manually,medium
DV Trading,dv trading,yes,seed category 'prop trading or market making',prop trading or market making,,greenhouse,https://boards-api.greenhouse.io/v1/boards/dvtrading/jobs,dvtrading,,,,,verified,api,daily,2026-07-05,,high
Lingjun Investment,lingjun,yes,seed category 'hedge fund or asset manager',hedge fund or asset manager,,,,,,,,,needs_review,,daily,2026-07-05,no public ATS endpoint found; set workday_cxs_url or careers URL manually,medium
Shell,shell,yes,seed category 'energy or commodities',energy or commodities,,,,,,,,,needs_review,,daily,2026-07-05,no public ATS endpoint found; set workday_cxs_url or careers URL manually,medium
AIG,aig,needs_review,no category match and no quant-finance name signal — needs manual review,needs validation,,,,,,,,,,,daily,2026-07-05,,review
Dynamic Technology Lab,dynamic technology lab,needs_review,tech/data provider — include only if it serves trading; needs manual review,tech or data provider,,,,,,,,,,,daily,2026-07-05,,review
Liquid Capital Group,liquid,yes,seed category 'hedge fund or asset manager',hedge fund or asset manager,,ashby,https://api.ashbyhq.com/posting-api/job-board/liquid,,,liquid,,,verified,api,daily,2026-07-05,,high
Shanghai Jingzeng Asset Management,shanghai jingzeng,yes,seed category 'hedge fund or asset manager',hedge fund or asset manager,,,,,,,,,needs_review,,daily,2026-07-05,no public ATS endpoint found; set workday_cxs_url or careers URL manually,medium
Agora Data,agora data,needs_review,tech/data provider — include only if it serves trading; needs manual review,tech or data provider,,,,,,,,,,,daily,2026-07-05,,review
E Fund Management,e fund,yes,seed category 'hedge fund or asset manager',hedge fund or asset manager,,,,,,,,,needs_review,,daily,2026-07-05,no public ATS endpoint found; set workday_cxs_url or careers URL manually,medium
Lloyd's Bank,lloyds bank,yes,seed category 'bank or broker dealer',bank or broker dealer,,,,,,,,,needs_review,,daily,2026-07-05,no public ATS endpoint found; set workday_cxs_url or careers URL manually,medium
Shanghai Tifang Private Equity Fund Management,shanghai tifang private equity fund,yes,seed category 'hedge fund or asset manager',hedge fund or asset manager,,,,,,,,,needs_review,,daily,2026-07-05,no public ATS endpoint found; set workday_cxs_url or careers URL manually,medium
Akuna Capital,akuna,yes,seed category 'hedge fund or asset manager',hedge fund or asset manager,,greenhouse,https://boards-api.greenhouse.io/v1/boards/akunacapital/jobs,akunacapital,,,,,verified,api,daily,2026-07-05,,high
Eagle Seven,eagle seven,needs_review,no category match and no quant-finance name signal — needs manual review,needs validation,,,,,,,,,,,daily,2026-07-05,,review
LMR Partners,lmr,yes,seed category 'hedge fund or asset manager',hedge fund or asset manager,,greenhouse,https://boards-api.greenhouse.io/v1/boards/lmr/jobs,lmr,,,,,verified,api,daily,2026-07-05,,medium
Shanghai Tongyi Investment,shanghai tongyi,yes,seed category 'hedge fund or asset manager',hedge fund or asset manager,,,,,,,,,needs_review,,daily,2026-07-05,no public ATS endpoint found; set workday_cxs_url or careers URL manually,medium
Algo Capital Group,algo,yes,seed category 'hedge fund or asset manager',hedge fund or asset manager,,,,,,,,,needs_review,,daily,2026-07-05,no public ATS endpoint found; set workday_cxs_url or careers URL manually,high
Eastspring Investments,eastspring,yes,seed category 'hedge fund or asset manager',hedge fund or asset manager,,,,,,,,,needs_review,,daily,2026-07-05,no public ATS endpoint found; set workday_cxs_url or careers URL manually,medium
Lord Abbott,lord abbott,needs_review,no category match and no quant-finance name signal — needs manual review,needs validation,,,,,,,,,,,daily,2026-07-05,,review
Shanghai Yanfu Investments,shanghai yanfu,yes,seed category 'hedge fund or asset manager',hedge fund or asset manager,,,,,,,,,needs_review,,daily,2026-07-05,no public ATS endpoint found; set workday_cxs_url or careers URL manually,medium
AlgoQuant,algoquant,yes,seed category 'hedge fund or asset manager',hedge fund or asset manager,,greenhouse,https://boards-api.greenhouse.io/v1/boards/algoquant/jobs,algoquant,,,,,verified,api,daily,2026-07-05,,high
Ebullient Securities,ebullient securities,yes,seed category 'bank or broker dealer',bank or broker dealer,,,,,,,,,needs_review,,daily,2026-07-05,no public ATS endpoint found; set workday_cxs_url or careers URL manually,high
Louis Dreyfus Company,louis dreyfus,needs_review,no category match and no quant-finance name signal — needs manual review,needs validation,,,,,,,,,,,daily,2026-07-05,,review
Shenwan Hongyuan Securities,shenwan hongyuan securities,yes,seed category 'bank or broker dealer',bank or broker dealer,,,,,,,,,needs_review,,daily,2026-07-05,no public ATS endpoint found; set workday_cxs_url or careers URL manually,high
Algorithma,algorithma,needs_review,no category match and no quant-finance name signal — needs manual review,needs validation,,,,,,,,,,,daily,2026-07-05,,review
Eclipse Trading Technologies,eclipse trading technologies,yes,seed category 'prop trading or market making',prop trading or market making,,greenhouse,https://boards-api.greenhouse.io/v1/boards/eclipse/jobs,eclipse,,,,,verified,api,daily,2026-07-05,,high
Lynx Asset Management,lynx,yes,seed category 'hedge fund or asset manager',hedge fund or asset manager,,,,,,,,,needs_review,,daily,2026-07-05,no public ATS endpoint found; set workday_cxs_url or careers URL manually,medium
Shenzhen Quantitative Hedge Investment Management,shenzhen quantitative hedge,yes,seed category 'hedge fund or asset manager',hedge fund or asset manager,,,,,,,,,needs_review,,daily,2026-07-05,no public ATS endpoint found; set workday_cxs_url or careers URL manually,high
Algorithmic Trading Group,algorithmic trading,yes,seed category 'prop trading or market making',prop trading or market making,,,,,,,,,needs_review,,daily,2026-07-05,no public ATS endpoint found; set workday_cxs_url or careers URL manually,high
EDF Trading,edf trading,yes,seed category 'energy or commodities',energy or commodities,,,,,,,,,needs_review,,daily,2026-07-05,no public ATS endpoint found; set workday_cxs_url or careers URL manually,high
M&G Investments,m and g,yes,seed category 'hedge fund or asset manager',hedge fund or asset manager,,,,,,,,,needs_review,,daily,2026-07-05,no public ATS endpoint found; set workday_cxs_url or careers URL manually,medium
Shenzhen Ridou Investment Management,shenzhen ridou,yes,seed category 'hedge fund or asset manager',hedge fund or asset manager,,,,,,,,,needs_review,,daily,2026-07-05,no public ATS endpoint found; set workday_cxs_url or careers URL manually,medium
All Options,all options,yes,seed category 'prop trading or market making',prop trading or market making,,,,,,,,,needs_review,,daily,2026-07-05,no public ATS endpoint found; set workday_cxs_url or careers URL manually,high
Edge Focus Partners,edge focus,yes,seed category 'hedge fund or asset manager',hedge fund or asset manager,,,,,,,,,needs_review,,daily,2026-07-05,no public ATS endpoint found; set workday_cxs_url or careers URL manually,medium
Macquarie Group,macquarie,needs_review,no category match and no quant-finance name signal — needs manual review,needs validation,,,,,,,,,,,daily,2026-07-05,,review
Sunguard Risk Consultant,sunguard risk consultant,needs_review,no category match and no quant-finance name signal — needs manual review,needs validation,,,,,,,,,,,daily,2026-07-05,,review
Alliance Bernstein,alliance bernstein,needs_review,no category match and no quant-finance name signal — needs manual review,needs validation,,,,,,,,,,,daily,2026-07-05,,review
Edgehog Trading,edgehog trading,yes,seed category 'prop trading or market making',prop trading or market making,,greenhouse,https://boards-api.greenhouse.io/v1/boards/edgehog/jobs,edgehog,,,,,verified,api,daily,2026-07-05,,high
Maize Capital,maize,yes,seed category 'hedge fund or asset manager',hedge fund or asset manager,,,,,,,,,needs_review,,daily,2026-07-05,no public ATS endpoint found; set workday_cxs_url or careers URL manually,high
SIG,sig,needs_review,no category match and no quant-finance name signal — needs manual review,needs validation,,,,,,,,,,,daily,2026-07-05,,review
Allianz Global Investors,allianz global investors,yes,seed category 'hedge fund or asset manager',hedge fund or asset manager,,,,,,,,,needs_review,,daily,2026-07-05,no public ATS endpoint found; set workday_cxs_url or careers URL manually,medium
Edgestream Partners,edgestream,yes,seed category 'hedge fund or asset manager',hedge fund or asset manager,,greenhouse,https://boards-api.greenhouse.io/v1/boards/edgestream/jobs,edgestream,,,,,verified,api,daily,2026-07-05,,medium
Man Group,man,needs_review,no category match and no quant-finance name signal — needs manual review,needs validation,,,,,,,,,,,daily,2026-07-05,,high
Simplex Trading,simplex trading,yes,seed category 'prop trading or market making',prop trading or market making,,greenhouse,https://boards-api.greenhouse.io/v1/boards/simplextrading/jobs,simplextrading,,,,,verified,api,daily,2026-07-05,,high
Allied Millennial Partners,allied millennial,yes,seed category 'hedge fund or asset manager',hedge fund or asset manager,,greenhouse,https://boards-api.greenhouse.io/v1/boards/allied/jobs,allied,,,,,verified,api,daily,2026-07-05,,medium
Eisler Capital,eisler,yes,seed category 'hedge fund or asset manager',hedge fund or asset manager,,,,,,,,,needs_review,,daily,2026-07-05,no public ATS endpoint found; set workday_cxs_url or careers URL manually,high
Man Numeric,man numeric,needs_review,no category match and no quant-finance name signal — needs manual review,needs validation,,,,,,,,,,,daily,2026-07-05,,review
Smarkets,smarkets,yes,seed category 'prop trading or market making',prop trading or market making,,ashby,https://api.ashbyhq.com/posting-api/job-board/smarkets,,,smarkets,,,verified,api,daily,2026-07-05,,high
Allston Trading,allston trading,yes,seed category 'prop trading or market making',prop trading or market making,,,,,,,,,needs_review,,daily,2026-07-05,no public ATS endpoint found; set workday_cxs_url or careers URL manually,high
Elequin Capital,elequin,yes,seed category 'hedge fund or asset manager',hedge fund or asset manager,,,,,,,,,needs_review,,daily,2026-07-05,no public ATS endpoint found; set workday_cxs_url or careers URL manually,high
Mana Partners,mana,yes,seed category 'hedge fund or asset manager',hedge fund or asset manager,,,,,,,,,needs_review,,daily,2026-07-05,no public ATS endpoint found; set workday_cxs_url or careers URL manually,medium
Societe Generale,societe generale,needs_review,no category match and no quant-finance name signal — needs manual review,needs validation,,,,,,,,,,,daily,2026-07-05,,review
Alpha Lab Capital,alpha lab,yes,seed category 'hedge fund or asset manager',hedge fund or asset manager,,ashby,https://api.ashbyhq.com/posting-api/job-board/alpha,,,alpha,,,verified,api,daily,2026-07-05,,high
Elk Capital Markets,elk capital markets,yes,seed category 'bank or broker dealer',bank or broker dealer,,,,,,,,,needs_review,,daily,2026-07-05,no public ATS endpoint found; set workday_cxs_url or careers URL manually,high
Maniyar Capital,maniyar,yes,seed category 'hedge fund or asset manager',hedge fund or asset manager,,,,,,,,,needs_review,,daily,2026-07-05,no public ATS endpoint found; set workday_cxs_url or careers URL manually,high
Sona Capital,sona,yes,seed category 'hedge fund or asset manager',hedge fund or asset manager,,ashby,https://api.ashbyhq.com/posting-api/job-board/sona,,,sona,,,verified,api,daily,2026-07-05,,high
Alphabit Trading,alphabit trading,yes,seed category 'prop trading or market making',prop trading or market making,,,,,,,,,needs_review,,daily,2026-07-05,no public ATS endpoint found; set workday_cxs_url or careers URL manually,high
Ellington Management Group,ellington,yes,seed category 'hedge fund or asset manager',hedge fund or asset manager,,,,,,,,,needs_review,,daily,2026-07-05,no public ATS endpoint found; set workday_cxs_url or careers URL manually,medium
Marathon Trading,marathon trading,yes,seed category 'prop trading or market making',prop trading or market making,,,,,,,,,needs_review,,daily,2026-07-05,no public ATS endpoint found; set workday_cxs_url or careers URL manually,high
Spark Investment Management,spark,yes,seed category 'hedge fund or asset manager',hedge fund or asset manager,,,,,,,,,needs_review,,daily,2026-07-05,no public ATS endpoint found; set workday_cxs_url or careers URL manually,medium
AlphaGrep,alphagrep,yes,seed category 'hedge fund or asset manager',hedge fund or asset manager,,,,,,,,,needs_review,,daily,2026-07-05,no public ATS endpoint found; set workday_cxs_url or careers URL manually,medium
Element,element,needs_review,no category match and no quant-finance name signal — needs manual review,needs validation,,,,,,,,,,,daily,2026-07-05,,review
Market Wizards,market wizards,needs_review,no category match and no quant-finance name signal — needs manual review,needs validation,,,,,,,,,,,daily,2026-07-05,,review
Spin Hill Capital,spin hill,yes,seed category 'hedge fund or asset manager',hedge fund or asset manager,,greenhouse,https://boards-api.greenhouse.io/v1/boards/spin/jobs,spin,,,,,verified,api,daily,2026-07-05,,high
Alphanonce,alphanonce,yes,seed category 'hedge fund or asset manager',hedge fund or asset manager,,,,,,,,,needs_review,,daily,2026-07-05,no public ATS endpoint found; set workday_cxs_url or careers URL manually,medium
Eltican,eltican,needs_review,no category match and no quant-finance name signal — needs manual review,needs validation,,,,,,,,,,,daily,2026-07-05,,review
MarketAxess,marketaxess,needs_review,no category match and no quant-finance name signal — needs manual review,needs validation,,,,,,,,,,,daily,2026-07-05,,review
Spruce Grove Trading,spruce grove trading,yes,seed category 'prop trading or market making',prop trading or market making,,ashby,https://api.ashbyhq.com/posting-api/job-board/spruce,,,spruce,,,verified,api,daily,2026-07-05,,high
AlphaSimplex,alphasimplex,yes,seed category 'hedge fund or asset manager',hedge fund or asset manager,,,,,,,,,needs_review,,daily,2026-07-05,no public ATS endpoint found; set workday_cxs_url or careers URL manually,medium
Emergent Trading,emergent trading,yes,seed category 'prop trading or market making',prop trading or market making,,,,,,,,,needs_review,,daily,2026-07-05,no public ATS endpoint found; set workday_cxs_url or careers URL manually,high
Marquette Partners,marquette,yes,seed category 'hedge fund or asset manager',hedge fund or asset manager,,,,,,,,,needs_review,,daily,2026-07-05,no public ATS endpoint found; set workday_cxs_url or careers URL manually,medium
Squarepoint Capital,squarepoint,yes,seed category 'hedge fund or asset manager',hedge fund or asset manager,,,,,,,,,needs_review,,daily,2026-07-05,no public ATS endpoint found; set workday_cxs_url or careers URL manually,high
Alphataraxia Management,alphataraxia,yes,seed category 'hedge fund or asset manager',hedge fund or asset manager,,greenhouse,https://boards-api.greenhouse.io/v1/boards/alphataraxia/jobs,alphataraxia,,,,,verified,api,daily,2026-07-05,,medium
Engineers Gate,engineers gate,needs_review,no category match and no quant-finance name signal — needs manual review,needs validation,,,,,,,,,,,daily,2026-07-05,,review
Marshall Wace,marshall wace,needs_review,no category match and no quant-finance name signal — needs manual review,needs validation,,,,,,,,,,,daily,2026-07-05,,review
SSW Trading,ssw trading,yes,seed category 'prop trading or market making',prop trading or market making,,,,,,,,,needs_review,,daily,2026-07-05,no public ATS endpoint found; set workday_cxs_url or careers URL manually,high
Alyeska Investment Group,alyeska,yes,seed category 'hedge fund or asset manager',hedge fund or asset manager,,,,,,,,,needs_review,,daily,2026-07-05,no public ATS endpoint found; set workday_cxs_url or careers URL manually,medium
Enigma Securities,enigma securities,yes,seed category 'bank or broker dealer',bank or broker dealer,,,,,,,,,needs_review,,daily,2026-07-05,no public ATS endpoint found; set workday_cxs_url or careers URL manually,high
Mathrix,mathrix,needs_review,no category match and no quant-finance name signal — needs manual review,needs validation,,,,,,,,,,,daily,2026-07-05,,review
Standard Chartered,standard chartered,needs_review,no category match and no quant-finance name signal — needs manual review,needs validation,,,,,,,,,,,daily,2026-07-05,,review
American Century Investments,american century,yes,seed category 'hedge fund or asset manager',hedge fund or asset manager,,,,,,,,,needs_review,,daily,2026-07-05,no public ATS endpoint found; set workday_cxs_url or careers URL manually,medium
Epoch Capital,epoch,yes,seed category 'hedge fund or asset manager',hedge fund or asset manager,,,,,,,,,needs_review,,daily,2026-07-05,no public ATS endpoint found; set workday_cxs_url or careers URL manually,high
Maven Securities,maven securities,yes,seed category 'bank or broker dealer',bank or broker dealer,,ashby,https://api.ashbyhq.com/posting-api/job-board/maven,,,maven,,,verified,api,daily,2026-07-05,,high
State Street,state street,needs_review,no category match and no quant-finance name signal — needs manual review,needs validation,,,,,,,,,,,daily,2026-07-05,,high
Amundi,amundi,needs_review,no category match and no quant-finance name signal — needs manual review,needs validation,,,,,,,,,,,daily,2026-07-05,,review
Eqvilent,eqvilent,needs_review,no category match and no quant-finance name signal — needs manual review,needs validation,,,,,,,,,,,daily,2026-07-05,,review
Maverick Derivatives,maverick derivatives,yes,seed category 'prop trading or market making',prop trading or market making,,greenhouse,https://boards-api.greenhouse.io/v1/boards/maverickderivatives/jobs,maverickderivatives,,,,,verified,api,daily,2026-07-05,,high
Stevens Capital Management,stevens,yes,seed category 'hedge fund or asset manager',hedge fund or asset manager,,,,,,,,,needs_review,,daily,2026-07-05,no public ATS endpoint found; set workday_cxs_url or careers URL manually,high
Ansatz Capital,ansatz,yes,seed category 'hedge fund or asset manager',hedge fund or asset manager,,,,,,,,,needs_review,,daily,2026-07-05,no public ATS endpoint found; set workday_cxs_url or careers URL manually,high
Eschaton Trading,eschaton trading,yes,seed category 'prop trading or market making',prop trading or market making,,,,,,,,,needs_review,,daily,2026-07-05,no public ATS endpoint found; set workday_cxs_url or careers URL manually,high
McKay Brothers,mckay brothers,needs_review,no category match and no quant-finance name signal — needs manual review,needs validation,,,,,,,,,,,daily,2026-07-05,,review
StoneX Group,stonex,needs_review,no category match and no quant-finance name signal — needs manual review,needs validation,,,,,,,,,,,daily,2026-07-05,,high
Anchorage,anchorage,needs_review,no category match and no quant-finance name signal — needs manual review,needs validation,,,,,,,,,,,daily,2026-07-05,,review
Essence Securities,essence securities,yes,seed category 'bank or broker dealer',bank or broker dealer,,,,,,,,,needs_review,,daily,2026-07-05,no public ATS endpoint found; set workday_cxs_url or careers URL manually,high
Mercuria Energy Group,mercuria energy,yes,seed category 'energy or commodities',energy or commodities,,,,,,,,,needs_review,,daily,2026-07-05,no public ATS endpoint found; set workday_cxs_url or careers URL manually,medium
Stout,stout,needs_review,no category match and no quant-finance name signal — needs manual review,needs validation,,,,,,,,,,,daily,2026-07-05,,review
APS Asset Management,aps,yes,seed category 'hedge fund or asset manager',hedge fund or asset manager,,,,,,,,,needs_review,,daily,2026-07-05,no public ATS endpoint found; set workday_cxs_url or careers URL manually,medium
Evergreen Statistical Trading,evergreen statistical trading,yes,seed category 'prop trading or market making',prop trading or market making,,greenhouse,https://boards-api.greenhouse.io/v1/boards/evergreenstatisticaltrading/jobs,evergreenstatisticaltrading,,,,,verified,api,daily,2026-07-05,,high
MFS Investment Management,mfs,yes,seed category 'hedge fund or asset manager',hedge fund or asset manager,,,,,,,,,needs_review,,daily,2026-07-05,no public ATS endpoint found; set workday_cxs_url or careers URL manually,medium
STX Traders,stx traders,yes,seed category 'prop trading or market making',prop trading or market making,,,,,,,,,needs_review,,daily,2026-07-05,no public ATS endpoint found; set workday_cxs_url or careers URL manually,review
APT Portfolios,apt portfolios,needs_review,no category match and no quant-finance name signal — needs manual review,needs validation,,,,,,,,,,,daily,2026-07-05,,review
Equinor,equinor,needs_review,no category match and no quant-finance name signal — needs manual review,needs validation,,,,,,,,,,,daily,2026-07-05,,review
Millburn,millburn,needs_review,no category match and no quant-finance name signal — needs manual review,needs validation,,,,,,,,,,,daily,2026-07-05,,review
Sumeru Capital,sumeru,yes,seed category 'hedge fund or asset manager',hedge fund or asset manager,,,,,,,,,needs_review,,daily,2026-07-05,no public ATS endpoint found; set workday_cxs_url or careers URL manually,high
AQR Capital Management,aqr,yes,seed category 'hedge fund or asset manager',hedge fund or asset manager,,greenhouse,https://boards-api.greenhouse.io/v1/boards/aqr/jobs,aqr,,,,,verified,api,daily,2026-07-05,,high
ExodusPoint,exoduspoint,needs_review,no category match and no quant-finance name signal — needs manual review,needs validation,,,,,,,,,,,daily,2026-07-05,,review
Millenium,millenium,needs_review,no category match and no quant-finance name signal — needs manual review,needs validation,,,,,,,,,,,daily,2026-07-05,,high
Sunrise Futures,sunrise futures,yes,seed category 'prop trading or market making',prop trading or market making,,greenhouse,https://boards-api.greenhouse.io/v1/boards/sunrise/jobs,sunrise,,,,,verified,api,daily,2026-07-05,,high
Aqua Selection Capital Management,aqua selection,yes,seed category 'hedge fund or asset manager',hedge fund or asset manager,,,,,,,,,needs_review,,daily,2026-07-05,no public ATS endpoint found; set workday_cxs_url or careers URL manually,high
FalconX,falconx,yes,seed category 'crypto or digital assets',crypto or digital assets,,greenhouse,https://boards-api.greenhouse.io/v1/boards/falconx/jobs,falconx,,,,,verified,api,daily,2026-07-05,,medium
MIO Partners,mio,yes,seed category 'hedge fund or asset manager',hedge fund or asset manager,,,,,,,,,needs_review,,daily,2026-07-05,no public ATS endpoint found; set workday_cxs_url or careers URL manually,medium
Sunshine Quantitative Investment,sunshine quantitative,yes,seed category 'hedge fund or asset manager',hedge fund or asset manager,,,,,,,,,needs_review,,daily,2026-07-05,no public ATS endpoint found; set workday_cxs_url or careers URL manually,high
Aquatic Capital,aquatic,yes,seed category 'hedge fund or asset manager',hedge fund or asset manager,,ashby,https://api.ashbyhq.com/posting-api/job-board/aquatic,,,aquatic,,,verified,api,daily,2026-07-05,,high
Farringdon Capital,farringdon,yes,seed category 'hedge fund or asset manager',hedge fund or asset manager,,,,,,,,,needs_review,,daily,2026-07-05,no public ATS endpoint found; set workday_cxs_url or careers URL manually,high
Mono ceros,mono ceros,needs_review,no category match and no quant-finance name signal — needs manual review,needs validation,,,,,,,,,,,daily,2026-07-05,,review
Systematica Investments,systematica,yes,seed category 'hedge fund or asset manager',hedge fund or asset manager,,,,,,,,,needs_review,,daily,2026-07-05,no public ATS endpoint found; set workday_cxs_url or careers URL manually,medium
Archer Daniels Midland,archer daniels midland,needs_review,no category match and no quant-finance name signal — needs manual review,needs validation,,,,,,,,,,,daily,2026-07-05,,review
Fasanara Investments,fasanara,yes,seed category 'hedge fund or asset manager',hedge fund or asset manager,,,,,,,,,needs_review,,daily,2026-07-05,no public ATS endpoint found; set workday_cxs_url or careers URL manually,medium
Moodys,moodys,needs_review,no category match and no quant-finance name signal — needs manual review,needs validation,,,,,,,,,,,daily,2026-07-05,,review
T3 Trading,t3 trading,yes,seed category 'prop trading or market making',prop trading or market making,,,,,,,,,needs_review,,daily,2026-07-05,no public ATS endpoint found; set workday_cxs_url or careers URL manually,high
Arrowstreet Capital,arrowstreet,yes,seed category 'hedge fund or asset manager',hedge fund or asset manager,,,,,,,,,needs_review,,daily,2026-07-05,no public ATS endpoint found; set workday_cxs_url or careers URL manually,high
Fidelity,fidelity,needs_review,no category match and no quant-finance name signal — needs manual review,needs validation,,,,,,,,,,,daily,2026-07-05,,review
Morgan Stanley,morgan stanley,yes,seed category 'bank or broker dealer',bank or broker dealer,,,,,,,,,needs_review,,daily,2026-07-05,no public ATS endpoint found; set workday_cxs_url or careers URL manually,medium
T. Rowe Price,t rowe price,needs_review,no category match and no quant-finance name signal — needs manual review,needs validation,,,,,,,,,,,daily,2026-07-05,,review
Asp ect Capital,asp ect,yes,seed category 'hedge fund or asset manager',hedge fund or asset manager,,,,,,,,,needs_review,,daily,2026-07-05,no public ATS endpoint found; set workday_cxs_url or careers URL manually,high
Final LTD,final,needs_review,no category match and no quant-finance name signal — needs manual review,needs validation,,,,,,,,,,,daily,2026-07-05,,review
Musket,musket,needs_review,no category match and no quant-finance name signal — needs manual review,needs validation,,,,,,,,,,,daily,2026-07-05,,review
Taikang Asset Management,taikang,yes,seed category 'hedge fund or asset manager',hedge fund or asset manager,,,,,,,,,needs_review,,daily,2026-07-05,no public ATS endpoint found; set workday_cxs_url or careers URL manually,medium
Atlas Research,atlas research,yes,seed category 'hedge fund or asset manager',hedge fund or asset manager,,ashby,https://api.ashbyhq.com/posting-api/job-board/atlas,,,atlas,,,verified,api,daily,2026-07-05,,high
First Beijing,first beijing,needs_review,no category match and no quant-finance name signal — needs manual review,needs validation,,,,,,,,,,,daily,2026-07-05,,review
MUFG,mufg,needs_review,no category match and no quant-finance name signal — needs manual review,needs validation,,,,,,,,,,,daily,2026-07-05,,review
Tanius Technology,tanius technology,needs_review,tech/data provider — include only if it serves trading; needs manual review,tech or data provider,,,,,,,,,,,daily,2026-07-05,,review
Auros,auros,needs_review,no category match and no quant-finance name signal — needs manual review,needs validation,,,,,,,,,,,daily,2026-07-05,,review
Five Dimensions Energy,five dimensions energy,yes,seed category 'energy or commodities',energy or commodities,,,,,,,,,needs_review,,daily,2026-07-05,no public ATS endpoint found; set workday_cxs_url or careers URL manually,medium
Mustard Systems,mustard systems,needs_review,tech/data provider — include only if it serves trading; needs manual review,tech or data provider,,,,,,,,,,,daily,2026-07-05,,review
TD Securities,td securities,yes,seed category 'bank or broker dealer',bank or broker dealer,,,,,,,,,needs_review,,daily,2026-07-05,no public ATS endpoint found; set workday_cxs_url or careers URL manually,high
Aviva Investors,aviva investors,yes,seed category 'hedge fund or asset manager',hedge fund or asset manager,,,,,,,,,needs_review,,daily,2026-07-05,no public ATS endpoint found; set workday_cxs_url or careers URL manually,medium
Five Rings,five rings,needs_review,no category match and no quant-finance name signal — needs manual review,needs validation,,,,,,,,,,,daily,2026-07-05,,high
N.K. Securities,nk securities,yes,seed category 'bank or broker dealer',bank or broker dealer,,,,,,,,,needs_review,,daily,2026-07-05,no public ATS endpoint found; set workday_cxs_url or careers URL manually,high
Temple,temple,needs_review,no category match and no quant-finance name signal — needs manual review,needs validation,,,,,,,,,,,daily,2026-07-05,,review
Allipes,allipes,needs_review,no category match and no quant-finance name signal — needs manual review,needs validation,,,,,,,,,,,daily,2026-07-05,,high
Florin Court Capital,florin court,yes,seed category 'hedge fund or asset manager',hedge fund or asset manager,,,,,,,,,needs_review,,daily,2026-07-05,no public ATS endpoint found; set workday_cxs_url or careers URL manually,high
NASDAQ,nasdaq,needs_review,no category match and no quant-finance name signal — needs manual review,needs validation,,,,,,,,,,,daily,2026-07-05,,review
Tenzan Capital,tenzan,yes,seed category 'hedge fund or asset manager',hedge fund or asset manager,,,,,,,,,needs_review,,daily,2026-07-05,no public ATS endpoint found; set workday_cxs_url or careers URL manually,high
AXA Investments,axa,yes,seed category 'hedge fund or asset manager',hedge fund or asset manager,,,,,,,,,needs_review,,daily,2026-07-05,no public ATS endpoint found; set workday_cxs_url or careers URL manually,medium
Flow Traders,flow traders,yes,seed category 'prop trading or market making',prop trading or market making,,greenhouse,https://boards-api.greenhouse.io/v1/boards/flowtraders/jobs,flowtraders,,,,,verified,api,daily,2026-07-05,,high
NatWest Markets,natwest markets,yes,seed category 'prop trading or market making',prop trading or market making,,,,,,,,,needs_review,,daily,2026-07-05,no public ATS endpoint found; set workday_cxs_url or careers URL manually,high
Temasek,temasek,needs_review,no category match and no quant-finance name signal — needs manual review,needs validation,,,,,,,,,,,daily,2026-07-05,,review
Axiom Markets,axiom markets,yes,seed category 'prop trading or market making',prop trading or market making,,greenhouse,https://boards-api.greenhouse.io/v1/boards/axiom/jobs,axiom,,,,,verified,api,daily,2026-07-05,,high
Folkvang,folkvang,needs_review,no category match and no quant-finance name signal — needs manual review,needs validation,,,,,,,,,,,daily,2026-07-05,,review
Nebula Research & Development,nebula research and development,yes,seed category 'hedge fund or asset manager',hedge fund or asset manager,,,,,,,,,needs_review,,daily,2026-07-05,no public ATS endpoint found; set workday_cxs_url or careers URL manually,high
Teza Technologies,teza technologies,needs_review,tech/data provider — include only if it serves trading; needs manual review,tech or data provider,,,,,,,,,,,daily,2026-07-05,,review
BHG Financial,bhg financial,needs_review,no category match and no quant-finance name signal — needs manual review,needs validation,,,,,,,,,,,daily,2026-07-05,,high
Fortune Joint,fortune joint,needs_review,no category match and no quant-finance name signal — needs manual review,needs validation,,,,,,,,,,,daily,2026-07-05,,review
Neo Ivy Capital Management,neo ivy,yes,seed category 'hedge fund or asset manager',hedge fund or asset manager,,,,,,,,,needs_review,,daily,2026-07-05,no public ATS endpoint found; set workday_cxs_url or careers URL manually,high
TGS,tgs,needs_review,no category match and no quant-finance name signal — needs manual review,needs validation,,,,,,,,,,,daily,2026-07-05,,review
Bainbridge Partners,bainbridge,yes,seed category 'hedge fund or asset manager',hedge fund or asset manager,,,,,,,,,needs_review,,daily,2026-07-05,no public ATS endpoint found; set workday_cxs_url or careers URL manually,medium
Freestone Grove Partners,freestone grove,yes,seed category 'hedge fund or asset manager',hedge fund or asset manager,,,,,,,,,needs_review,,daily,2026-07-05,no public ATS endpoint found; set workday_cxs_url or careers URL manually,medium
Neuberger Berman,neuberger berman,needs_review,no category match and no quant-finance name signal — needs manual review,needs validation,,,,,,,,,,,daily,2026-07-05,,review
Tower Research Capital,tower research,yes,seed category 'hedge fund or asset manager',hedge fund or asset manager,,greenhouse,https://boards-api.greenhouse.io/v1/boards/towerresearchcapital/jobs,towerresearchcapital,,,,,verified,api,daily,2026-07-05,,high
Balyasny Asset Management,balyasny,yes,seed category 'hedge fund or asset manager',hedge fund or asset manager,,,,,,,,,needs_review,,daily,2026-07-05,no public ATS endpoint found; set workday_cxs_url or careers URL manually,medium
Fullerton Fund Management,fullerton fund,yes,seed category 'hedge fund or asset manager',hedge fund or asset manager,,,,,,,,,needs_review,,daily,2026-07-05,no public ATS endpoint found; set workday_cxs_url or careers URL manually,medium
New Line Networks,new line networks,needs_review,tech/data provider — include only if it serves trading; needs manual review,tech or data provider,,,,,,,,,,,daily,2026-07-05,,review
Token Metrics,token metrics,yes,seed category 'crypto or digital assets',crypto or digital assets,,,,,,,,,needs_review,,daily,2026-07-05,no public ATS endpoint found; set workday_cxs_url or careers URL manually,medium
Bank of America,bank of america,yes,seed category 'bank or broker dealer',bank or broker dealer,,,,,,,,,needs_review,,daily,2026-07-05,no public ATS endpoint found; set workday_cxs_url or careers URL manually,medium
Futu Holdings,futu,needs_review,no category match and no quant-finance name signal — needs manual review,needs validation,,,,,,,,,,,daily,2026-07-05,,review
Nine Mile,nine mile,needs_review,no category match and no quant-finance name signal — needs manual review,needs validation,,,,,,,,,,,daily,2026-07-05,,review
Tradebot,tradebot,yes,seed category 'prop trading or market making',prop trading or market making,,,,,,,,,needs_review,,daily,2026-07-05,no public ATS endpoint found; set workday_cxs_url or careers URL manually,review
Bank of New York Mellon,bank of new york mellon,yes,seed category 'bank or broker dealer',bank or broker dealer,,,,,,,,,needs_review,,daily,2026-07-05,no public ATS endpoint found; set workday_cxs_url or careers URL manually,medium
Futures First,futures first,yes,seed category 'prop trading or market making',prop trading or market making,,,,,,,,,needs_review,,daily,2026-07-05,no public ATS endpoint found; set workday_cxs_url or careers URL manually,high
Noise Labs,noise labs,needs_review,tech/data provider — include only if it serves trading; needs manual review,tech or data provider,,,,,,,,,,,daily,2026-07-05,,review
Tradelink,tradelink,yes,seed category 'prop trading or market making',prop trading or market making,,,,,,,,,needs_review,,daily,2026-07-05,no public ATS endpoint found; set workday_cxs_url or careers URL manually,review
Bank of Suzhou,bank of suzhou,yes,seed category 'bank or broker dealer',bank or broker dealer,,,,,,,,,needs_review,,daily,2026-07-05,no public ATS endpoint found; set workday_cxs_url or careers URL manually,medium
G-Research,gresearch,yes,seed category 'hedge fund or asset manager',hedge fund or asset manager,,,,,,,,,needs_review,,daily,2026-07-05,no public ATS endpoint found; set workday_cxs_url or careers URL manually,high
Noble Group,noble,needs_review,no category match and no quant-finance name signal — needs manual review,needs validation,,,,,,,,,,,daily,2026-07-05,,review
Trafigura,trafigura,yes,seed category 'energy or commodities',energy or commodities,,,,,,,,,needs_review,,daily,2026-07-05,no public ATS endpoint found; set workday_cxs_url or careers URL manually,medium
Banyan Alpha Investment,banyan alpha,yes,seed category 'hedge fund or asset manager',hedge fund or asset manager,,,,,,,,,needs_review,,daily,2026-07-05,no public ATS endpoint found; set workday_cxs_url or careers URL manually,medium
G1,g1,needs_review,no category match and no quant-finance name signal — needs manual review,needs validation,,,,,,,,,,,daily,2026-07-05,,review
Nomura,nomura,yes,seed category 'bank or broker dealer',bank or broker dealer,,,,,,,,,needs_review,,daily,2026-07-05,no public ATS endpoint found; set workday_cxs_url or careers URL manually,medium
TransMarket Group,transmarket,needs_review,no category match and no quant-finance name signal — needs manual review,needs validation,,,,,,,,,,,daily,2026-07-05,,review
Barak Capital,barak,yes,seed category 'hedge fund or asset manager',hedge fund or asset manager,,,,,,,,,needs_review,,daily,2026-07-05,no public ATS endpoint found; set workday_cxs_url or careers URL manually,high
Galaxy Derivatives,galaxy derivatives,yes,seed category 'prop trading or market making',prop trading or market making,,greenhouse,https://boards-api.greenhouse.io/v1/boards/galaxy/jobs,galaxy,,,,,verified,api,daily,2026-07-05,,high
Northpool,northpool,needs_review,no category match and no quant-finance name signal — needs manual review,needs validation,,,,,,,,,,,daily,2026-07-05,,review
Transtrend,transtrend,needs_review,no category match and no quant-finance name signal — needs manual review,needs validation,,,,,,,,,,,daily,2026-07-05,,review
Barclays,barclays,yes,seed category 'bank or broker dealer',bank or broker dealer,,,,,,,,,needs_review,,daily,2026-07-05,no public ATS endpoint found; set workday_cxs_url or careers URL manually,medium
Galaxy Digital,galaxy digital,needs_review,no category match and no quant-finance name signal — needs manual review,needs validation,,,,,,,,,,,daily,2026-07-05,,review
Northwestern Mutual,northwestern mutual,needs_review,no category match and no quant-finance name signal — needs manual review,needs validation,,,,,,,,,,,daily,2026-07-05,,review
Trexquant,trexquant,yes,seed category 'hedge fund or asset manager',hedge fund or asset manager,,,,,,,,,needs_review,,daily,2026-07-05,no public ATS endpoint found; set workday_cxs_url or careers URL manually,high
Barings,barings,needs_review,no category match and no quant-finance name signal — needs manual review,needs validation,,,,,,,,,,,daily,2026-07-05,,review
Galois Capital,galois,yes,seed category 'hedge fund or asset manager',hedge fund or asset manager,,,,,,,,,needs_review,,daily,2026-07-05,no public ATS endpoint found; set workday_cxs_url or careers URL manually,high
Nova Prospect,nova prospect,needs_review,no category match and no quant-finance name signal — needs manual review,needs validation,,,,,,,,,,,daily,2026-07-05,,review
Trillium Trading,trillium trading,yes,seed category 'prop trading or market making',prop trading or market making,,greenhouse,https://boards-api.greenhouse.io/v1/boards/trillium/jobs,trillium,,,,,verified,api,daily,2026-07-05,,high
Bastion Trading,bastion trading,yes,seed category 'prop trading or market making',prop trading or market making,,ashby,https://api.ashbyhq.com/posting-api/job-board/bastion,,,bastion,,,verified,api,daily,2026-07-05,,high
GAM Systematic,gam systematic,needs_review,no category match and no quant-finance name signal — needs manual review,needs validation,,,,,,,,,,,daily,2026-07-05,,review
Numeus,numeus,needs_review,no category match and no quant-finance name signal — needs manual review,needs validation,,,,,,,,,,,daily,2026-07-05,,review
Tsuru Capital,tsuru,yes,seed category 'hedge fund or asset manager',hedge fund or asset manager,,,,,,,,,needs_review,,daily,2026-07-05,no public ATS endpoint found; set workday_cxs_url or careers URL manually,high
BEA Union,bea union,needs_review,no category match and no quant-finance name signal — needs manual review,needs validation,,,,,,,,,,,daily,2026-07-05,,review
Gambit Research,gambit research,yes,seed category 'hedge fund or asset manager',hedge fund or asset manager,,,,,,,,,needs_review,,daily,2026-07-05,no public ATS endpoint found; set workday_cxs_url or careers URL manually,high
Nuveen Investment,nuveen,yes,seed category 'hedge fund or asset manager',hedge fund or asset manager,,,,,,,,,needs_review,,daily,2026-07-05,no public ATS endpoint found; set workday_cxs_url or careers URL manually,medium
Tudor Investment Corp oration,tudor investment corp oration,yes,seed category 'hedge fund or asset manager',hedge fund or asset manager,,,,,,,,,needs_review,,daily,2026-07-05,no public ATS endpoint found; set workday_cxs_url or careers URL manually,medium
Beijing Jiawo Asset Management,beijing jiawo,yes,seed category 'hedge fund or asset manager',hedge fund or asset manager,,,,,,,,,needs_review,,daily,2026-07-05,no public ATS endpoint found; set workday_cxs_url or careers URL manually,medium
Garda Capital Partners,garda,yes,seed category 'hedge fund or asset manager',hedge fund or asset manager,,,,,,,,,needs_review,,daily,2026-07-05,no public ATS endpoint found; set workday_cxs_url or careers URL manually,high
NXT Capital,nxt,yes,seed category 'hedge fund or asset manager',hedge fund or asset manager,,,,,,,,,needs_review,,daily,2026-07-05,no public ATS endpoint found; set workday_cxs_url or careers URL manually,high
Twitch LLC,twitch,needs_review,tech/data provider — include only if it serves trading; needs manual review,tech or data provider,,,,,,,,,,,daily,2026-07-05,,review
Beijing Taichuang Investment Management,beijing taichuang,yes,seed category 'hedge fund or asset manager',hedge fund or asset manager,,,,,,,,,needs_review,,daily,2026-07-05,no public ATS endpoint found; set workday_cxs_url or careers URL manually,medium
Gelber Group,gelber,needs_review,no category match and no quant-finance name signal — needs manual review,needs validation,,,,,,,,,,,daily,2026-07-05,,review
NYDIG,nydig,needs_review,no category match and no quant-finance name signal — needs manual review,needs validation,,,,,,,,,,,daily,2026-07-05,,review
Two Sigma,two sigma,needs_review,no category match and no quant-finance name signal — needs manual review,needs validation,,,,,,,,,,,daily,2026-07-05,,review
Belvedere Trading,belvedere trading,yes,seed category 'prop trading or market making',prop trading or market making,,lever,https://api.lever.co/v0/postings/belvederetrading?mode=json,,belvederetrading,,,,verified,api,daily,2026-07-05,,high
Geneva Trading,geneva trading,yes,seed category 'prop trading or market making',prop trading or market making,,greenhouse,https://boards-api.greenhouse.io/v1/boards/genevatrading/jobs,genevatrading,,,,,verified,api,daily,2026-07-05,,high
Nyenburgh,nyenburgh,needs_review,no category match and no quant-finance name signal — needs manual review,needs validation,,,,,,,,,,,daily,2026-07-05,,review
TwoQuants,twoquants,yes,seed category 'hedge fund or asset manager',hedge fund or asset manager,,,,,,,,,needs_review,,daily,2026-07-05,no public ATS endpoint found; set workday_cxs_url or careers URL manually,high
Betterment,betterment,needs_review,no category match and no quant-finance name signal — needs manual review,needs validation,,,,,,,,,,,daily,2026-07-05,,review
Genwealth Capital,genwealth,yes,seed category 'hedge fund or asset manager',hedge fund or asset manager,,,,,,,,,needs_review,,daily,2026-07-05,no public ATS endpoint found; set workday_cxs_url or careers URL manually,high
O'Shaughnessy Asset Management,oshaughnessy,yes,seed category 'hedge fund or asset manager',hedge fund or asset manager,,,,,,,,,needs_review,,daily,2026-07-05,no public ATS endpoint found; set workday_cxs_url or careers URL manually,medium
Typhon Capital Management,typhon,yes,seed category 'hedge fund or asset manager',hedge fund or asset manager,,,,,,,,,needs_review,,daily,2026-07-05,no public ATS endpoint found; set workday_cxs_url or careers URL manually,high
BH Digital,bh digital,needs_review,no category match and no quant-finance name signal — needs manual review,needs validation,,,,,,,,,,,daily,2026-07-05,,review
Geode Capital Management,geode,yes,seed category 'hedge fund or asset manager',hedge fund or asset manager,,,,,,,,,needs_review,,daily,2026-07-05,no public ATS endpoint found; set workday_cxs_url or careers URL manually,high
Oaktree & Lion,oaktree and lion,needs_review,no category match and no quant-finance name signal — needs manual review,needs validation,,,,,,,,,,,daily,2026-07-05,,review
UBS,ubs,yes,seed category 'bank or broker dealer',bank or broker dealer,,,,,,,,,needs_review,,daily,2026-07-05,no public ATS endpoint found; set workday_cxs_url or careers URL manually,medium
Blackedge Capital,blackedge,yes,seed category 'hedge fund or asset manager',hedge fund or asset manager,,,,,,,,,needs_review,,daily,2026-07-05,no public ATS endpoint found; set workday_cxs_url or careers URL manually,high
GF Securities,gf securities,yes,seed category 'bank or broker dealer',bank or broker dealer,,,,,,,,,needs_review,,daily,2026-07-05,no public ATS endpoint found; set workday_cxs_url or careers URL manually,high
Occudo Quantitative Strategies,occudo quantitative strategies,yes,seed category 'hedge fund or asset manager',hedge fund or asset manager,,,,,,,,,needs_review,,daily,2026-07-05,no public ATS endpoint found; set workday_cxs_url or careers URL manually,high
UOB,uob,needs_review,no category match and no quant-finance name signal — needs manual review,needs validation,,,,,,,,,,,daily,2026-07-05,,review
Blackrock,blackrock,needs_review,no category match and no quant-finance name signal — needs manual review,needs validation,,,,,,,,,,,daily,2026-07-05,,review
GIC,gic,needs_review,no category match and no quant-finance name signal — needs manual review,needs validation,,,,,,,,,,,daily,2026-07-05,,review
Odey Asset Management,odey,yes,seed category 'hedge fund or asset manager',hedge fund or asset manager,,,,,,,,,needs_review,,daily,2026-07-05,no public ATS endpoint found; set workday_cxs_url or careers URL manually,medium
UTR8 Group,utr8,needs_review,no category match and no quant-finance name signal — needs manual review,needs validation,,,,,,,,,,,daily,2026-07-05,,review
Blackstone,blackstone,needs_review,no category match and no quant-finance name signal — needs manual review,needs validation,,,,,,,,,,,daily,2026-07-05,,review
Glencore,glencore,yes,seed category 'energy or commodities',energy or commodities,,,,,,,,,needs_review,,daily,2026-07-05,no public ATS endpoint found; set workday_cxs_url or careers URL manually,medium
Old Mission Capital,old mission,yes,seed category 'hedge fund or asset manager',hedge fund or asset manager,,greenhouse,https://boards-api.greenhouse.io/v1/boards/oldmissioncapital/jobs,oldmissioncapital,,,,,verified,api,daily,2026-07-05,,high
Valkyrie Trading,valkyrie trading,yes,seed category 'prop trading or market making',prop trading or market making,,lever,https://api.lever.co/v0/postings/valkyrietrading?mode=json,,valkyrietrading,,,,verified,api,daily,2026-07-05,,high
BlockTech,blocktech,needs_review,no category match and no quant-finance name signal — needs manual review,needs validation,,,,,,,,,,,daily,2026-07-05,,review
Goldman Sachs,goldman sachs,yes,seed category 'bank or broker dealer',bank or broker dealer,,,,,,,,,needs_review,,daily,2026-07-05,no public ATS endpoint found; set workday_cxs_url or careers URL manually,medium
One William Street Capital,one william street,yes,seed category 'hedge fund or asset manager',hedge fund or asset manager,,,,,,,,,needs_review,,daily,2026-07-05,no public ATS endpoint found; set workday_cxs_url or careers URL manually,high
Value Partners,value,yes,seed category 'hedge fund or asset manager',hedge fund or asset manager,,,,,,,,,needs_review,,daily,2026-07-05,no public ATS endpoint found; set workday_cxs_url or careers URL manually,medium
Bloomberg,bloomberg,needs_review,tech/data provider — include only if it serves trading; needs manual review,tech or data provider,,,,,,,,,,,daily,2026-07-05,,review
Graham Capital Management,graham,yes,seed category 'hedge fund or asset manager',hedge fund or asset manager,,,,,,,,,needs_review,,daily,2026-07-05,no public ATS endpoint found; set workday_cxs_url or careers URL manually,high
Open Systems Technologies,open systems technologies,needs_review,tech/data provider — include only if it serves trading; needs manual review,tech or data provider,,,,,,,,,,,daily,2026-07-05,,review
Voleon,voleon,needs_review,no category match and no quant-finance name signal — needs manual review,needs validation,,,,,,,,,,,daily,2026-07-05,,high
BlueCrest Capital Management,bluecrest,yes,seed category 'hedge fund or asset manager',hedge fund or asset manager,,,,,,,,,needs_review,,daily,2026-07-05,no public ATS endpoint found; set workday_cxs_url or careers URL manually,high
Graviton Research Capital,graviton research,yes,seed category 'hedge fund or asset manager',hedge fund or asset manager,,,,,,,,,needs_review,,daily,2026-07-05,no public ATS endpoint found; set workday_cxs_url or careers URL manually,high
OCBC,ocbc,needs_review,no category match and no quant-finance name signal — needs manual review,needs validation,,,,,,,,,,,daily,2026-07-05,,review
Vatic Investments,vatic,yes,seed category 'hedge fund or asset manager',hedge fund or asset manager,,,,,,,,,needs_review,,daily,2026-07-05,no public ATS endpoint found; set workday_cxs_url or careers URL manually,medium
Bluen Capital Management,bluen,yes,seed category 'hedge fund or asset manager',hedge fund or asset manager,,,,,,,,,needs_review,,daily,2026-07-05,no public ATS endpoint found; set workday_cxs_url or careers URL manually,high
Great Point Capital,great point,yes,seed category 'hedge fund or asset manager',hedge fund or asset manager,,,,,,,,,needs_review,,daily,2026-07-05,no public ATS endpoint found; set workday_cxs_url or careers URL manually,high
Optiver,optiver,needs_review,no category match and no quant-finance name signal — needs manual review,needs validation,,,,,,,,,,,daily,2026-07-05,,review
Vector Markets,vector markets,yes,seed category 'prop trading or market making',prop trading or market making,,ashby,https://api.ashbyhq.com/posting-api/job-board/vector,,,vector,,,verified,api,daily,2026-07-05,,high
Blueshift Asset Management,blueshift,yes,seed category 'hedge fund or asset manager',hedge fund or asset manager,,greenhouse,https://boards-api.greenhouse.io/v1/boards/blueshift/jobs,blueshift,,,,,verified,api,daily,2026-07-05,,medium
Group One Trading,group one trading,yes,seed category 'prop trading or market making',prop trading or market making,,,,,,,,,needs_review,,daily,2026-07-05,no public ATS endpoint found; set workday_cxs_url or careers URL manually,high
Ora Traders,ora traders,yes,seed category 'prop trading or market making',prop trading or market making,,greenhouse,https://boards-api.greenhouse.io/v1/boards/ora/jobs,ora,,,,,verified,api,daily,2026-07-05,,review
Verition,verition,needs_review,no category match and no quant-finance name signal — needs manual review,needs validation,,,,,,,,,,,daily,2026-07-05,,review
BNP Paribas,bnp paribas,needs_review,no category match and no quant-finance name signal — needs manual review,needs validation,,,,,,,,,,,daily,2026-07-05,,review
GSA Capital Partners,gsa,yes,seed category 'hedge fund or asset manager',hedge fund or asset manager,,,,,,,,,needs_review,,daily,2026-07-05,no public ATS endpoint found; set workday_cxs_url or careers URL manually,high
Orsus Research,orsus research,yes,seed category 'hedge fund or asset manager',hedge fund or asset manager,,,,,,,,,needs_review,,daily,2026-07-05,no public ATS endpoint found; set workday_cxs_url or careers URL manually,high
Virtu,virtu,needs_review,no category match and no quant-finance name signal — needs manual review,needs validation,,,,,,,,,,,daily,2026-07-05,,high
BNY Mellon,bny mellon,needs_review,no category match and no quant-finance name signal — needs manual review,needs validation,,,,,,,,,,,daily,2026-07-05,,review
GSR,gsr,yes,seed category 'crypto or digital assets',crypto or digital assets,,,,,,,,,needs_review,,daily,2026-07-05,no public ATS endpoint found; set workday_cxs_url or careers URL manually,medium
Oxford Asset Management,oxford,yes,seed category 'hedge fund or asset manager',hedge fund or asset manager,,,,,,,,,needs_review,,daily,2026-07-05,no public ATS endpoint found; set workday_cxs_url or careers URL manually,medium
Vitol,vitol,yes,seed category 'energy or commodities',energy or commodities,,,,,,,,,needs_review,,daily,2026-07-05,no public ATS endpoint found; set workday_cxs_url or careers URL manually,medium
Boerboel Trading,boerboel trading,yes,seed category 'prop trading or market making',prop trading or market making,,greenhouse,https://boards-api.greenhouse.io/v1/boards/boerboeltrading/jobs,boerboeltrading,,,,,verified,api,daily,2026-07-05,,high
GSR Crypto,gsr crypto,yes,seed category 'crypto or digital assets',crypto or digital assets,,,,,,,,,needs_review,,daily,2026-07-05,no public ATS endpoint found; set workday_cxs_url or careers URL manually,medium
Paloma Partners,paloma,yes,seed category 'hedge fund or asset manager',hedge fund or asset manager,,,,,,,,,needs_review,,daily,2026-07-05,no public ATS endpoint found; set workday_cxs_url or careers URL manually,medium
VivCourt Trading,vivcourt trading,yes,seed category 'prop trading or market making',prop trading or market making,,greenhouse,https://boards-api.greenhouse.io/v1/boards/vivcourt/jobs,vivcourt,,,,,verified,api,daily,2026-07-05,,high
Bogle Investment Management,bogle,yes,seed category 'hedge fund or asset manager',hedge fund or asset manager,,,,,,,,,needs_review,,daily,2026-07-05,no public ATS endpoint found; set workday_cxs_url or careers URL manually,medium
GTS,gts,needs_review,no category match and no quant-finance name signal — needs manual review,needs validation,,,,,,,,,,,daily,2026-07-05,,review
PanAgora,panagora,needs_review,no category match and no quant-finance name signal — needs manual review,needs validation,,,,,,,,,,,daily,2026-07-05,,review
Volant Trading,volant trading,yes,seed category 'prop trading or market making',prop trading or market making,,,,,,,,,needs_review,,daily,2026-07-05,no public ATS endpoint found; set workday_cxs_url or careers URL manually,high
Boyuan Jiaying Technology,boyuan jiaying technology,needs_review,tech/data provider — include only if it serves trading; needs manual review,tech or data provider,,,,,,,,,,,daily,2026-07-05,,review
Guggenheim Partners,guggenheim,yes,seed category 'hedge fund or asset manager',hedge fund or asset manager,,,,,,,,,needs_review,,daily,2026-07-05,no public ATS endpoint found; set workday_cxs_url or careers URL manually,medium
Pantera Capital,pantera,yes,seed category 'hedge fund or asset manager',hedge fund or asset manager,,,,,,,,,needs_review,,daily,2026-07-05,no public ATS endpoint found; set workday_cxs_url or careers URL manually,high
Voloridge,voloridge,needs_review,no category match and no quant-finance name signal — needs manual review,needs validation,,,,,,,,,,,daily,2026-07-05,,review
BP,bp,yes,seed category 'energy or commodities',energy or commodities,,,,,,,,,needs_review,,daily,2026-07-05,no public ATS endpoint found; set workday_cxs_url or careers URL manually,medium
Gunvor Group,gunvor,yes,seed category 'energy or commodities',energy or commodities,,,,,,,,,needs_review,,daily,2026-07-05,no public ATS endpoint found; set workday_cxs_url or careers URL manually,medium
Parallax Volatility Advisers,parallax volatility advisers,needs_review,no category match and no quant-finance name signal — needs manual review,needs validation,,,,,,,,,,,daily,2026-07-05,,review
Walleye Trading,walleye trading,yes,seed category 'prop trading or market making',prop trading or market making,,,,,,,,,needs_review,,daily,2026-07-05,no public ATS endpoint found; set workday_cxs_url or careers URL manually,high
Bracebridge Capital,bracebridge,yes,seed category 'hedge fund or asset manager',hedge fund or asset manager,,,,,,,,,needs_review,,daily,2026-07-05,no public ATS endpoint found; set workday_cxs_url or careers URL manually,high
Guodu Securities,guodu securities,yes,seed category 'bank or broker dealer',bank or broker dealer,,,,,,,,,needs_review,,daily,2026-07-05,no public ATS endpoint found; set workday_cxs_url or careers URL manually,high
PDT Partners,pdt,yes,seed category 'hedge fund or asset manager',hedge fund or asset manager,,greenhouse,https://boards-api.greenhouse.io/v1/boards/pdtpartners/jobs,pdtpartners,,,,,verified,api,daily,2026-07-05,,high
Webb Traders,webb traders,yes,seed category 'prop trading or market making',prop trading or market making,,,,,,,,,needs_review,,daily,2026-07-05,no public ATS endpoint found; set workday_cxs_url or careers URL manually,review
Brevan Howard,brevan howard,needs_review,no category match and no quant-finance name signal — needs manual review,needs validation,,,,,,,,,,,daily,2026-07-05,,review
Guosen Securities,guosen securities,yes,seed category 'bank or broker dealer',bank or broker dealer,,,,,,,,,needs_review,,daily,2026-07-05,no public ATS endpoint found; set workday_cxs_url or careers URL manually,high
Peak6,peak6,needs_review,no category match and no quant-finance name signal — needs manual review,needs validation,,,,,,,,,,,daily,2026-07-05,,review
Weiss Asset Management,weiss,yes,seed category 'hedge fund or asset manager',hedge fund or asset manager,,,,,,,,,needs_review,,daily,2026-07-05,no public ATS endpoint found; set workday_cxs_url or careers URL manually,medium
Bridgewater Associates,bridgewater associates,needs_review,no category match and no quant-finance name signal — needs manual review,needs validation,,,,,,,,,,,daily,2026-07-05,,high
Guotai Junan Securities,guotai junan securities,yes,seed category 'bank or broker dealer',bank or broker dealer,,,,,,,,,needs_review,,daily,2026-07-05,no public ATS endpoint found; set workday_cxs_url or careers URL manually,high
Petronius Capital,petronius,yes,seed category 'hedge fund or asset manager',hedge fund or asset manager,,,,,,,,,needs_review,,daily,2026-07-05,no public ATS endpoint found; set workday_cxs_url or careers URL manually,high
Wellington Management,wellington,yes,seed category 'hedge fund or asset manager',hedge fund or asset manager,,,,,,,,,needs_review,,daily,2026-07-05,no public ATS endpoint found; set workday_cxs_url or careers URL manually,medium
Brookfield Asset Management,brookfield,yes,seed category 'hedge fund or asset manager',hedge fund or asset manager,,,,,,,,,needs_review,,daily,2026-07-05,no public ATS endpoint found; set workday_cxs_url or careers URL manually,medium
Guzman Energy,guzman energy,yes,seed category 'energy or commodities',energy or commodities,,,,,,,,,needs_review,,daily,2026-07-05,no public ATS endpoint found; set workday_cxs_url or careers URL manually,medium
Pexapark,pexapark,needs_review,no category match and no quant-finance name signal — needs manual review,needs validation,,,,,,,,,,,daily,2026-07-05,,review
Wells Fargo,wells fargo,yes,seed category 'bank or broker dealer',bank or broker dealer,,,,,,,,,needs_review,,daily,2026-07-05,no public ATS endpoint found; set workday_cxs_url or careers URL manually,medium
Budo Trading,budo trading,yes,seed category 'prop trading or market making',prop trading or market making,,,,,,,,,needs_review,,daily,2026-07-05,no public ATS endpoint found; set workday_cxs_url or careers URL manually,high
Haidar Capital Management,haidar,yes,seed category 'hedge fund or asset manager',hedge fund or asset manager,,,,,,,,,needs_review,,daily,2026-07-05,no public ATS endpoint found; set workday_cxs_url or careers URL manually,high
PGIM Quant Solutions,pgim quant solutions,yes,seed category 'hedge fund or asset manager',hedge fund or asset manager,,,,,,,,,needs_review,,daily,2026-07-05,no public ATS endpoint found; set workday_cxs_url or careers URL manually,high
WH Trading,wh trading,yes,seed category 'prop trading or market making',prop trading or market making,,,,,,,,,needs_review,,daily,2026-07-05,no public ATS endpoint found; set workday_cxs_url or careers URL manually,high
Bunge Limited,bunge,yes,seed category 'energy or commodities',energy or commodities,,,,,,,,,needs_review,,daily,2026-07-05,no public ATS endpoint found; set workday_cxs_url or careers URL manually,medium
Hangzhou Runzhou Investment,hangzhou runzhou,yes,seed category 'hedge fund or asset manager',hedge fund or asset manager,,,,,,,,,needs_review,,daily,2026-07-05,no public ATS endpoint found; set workday_cxs_url or careers URL manually,medium
Pharo,pharo,needs_review,no category match and no quant-finance name signal — needs manual review,needs validation,,,,,,,,,,,daily,2026-07-05,,review
White Maple Capital,white maple,yes,seed category 'hedge fund or asset manager',hedge fund or asset manager,,,,,,,,,needs_review,,daily,2026-07-05,no public ATS endpoint found; set workday_cxs_url or careers URL manually,high
Byte Trading,byte trading,yes,seed category 'prop trading or market making',prop trading or market making,,,,,,,,,needs_review,,daily,2026-07-05,no public ATS endpoint found; set workday_cxs_url or careers URL manually,high
HAP Capital,hap,yes,seed category 'hedge fund or asset manager',hedge fund or asset manager,,,,,,,,,needs_review,,daily,2026-07-05,no public ATS endpoint found; set workday_cxs_url or careers URL manually,high
Philbro,philbro,needs_review,no category match and no quant-finance name signal — needs manual review,needs validation,,,,,,,,,,,daily,2026-07-05,,review
White Pines Trading,white pines trading,yes,seed category 'prop trading or market making',prop trading or market making,,,,,,,,,needs_review,,daily,2026-07-05,no public ATS endpoint found; set workday_cxs_url or careers URL manually,high
Cantor Fitzgerald,cantor fitzgerald,needs_review,no category match and no quant-finance name signal — needs manual review,needs validation,,,,,,,,,,,daily,2026-07-05,,review
Hartree Partners,hartree,yes,seed category 'hedge fund or asset manager',hedge fund or asset manager,,,,,,,,,needs_review,,daily,2026-07-05,no public ATS endpoint found; set workday_cxs_url or careers URL manually,medium
PIMCO,pimco,needs_review,no category match and no quant-finance name signal — needs manual review,needs validation,,,,,,,,,,,daily,2026-07-05,,review
William O'Neil,william oneil,needs_review,no category match and no quant-finance name signal — needs manual review,needs validation,,,,,,,,,,,daily,2026-07-05,,review
Capital Fund Management,capital fund,yes,seed category 'hedge fund or asset manager',hedge fund or asset manager,,lever,https://api.lever.co/v0/postings/capital?mode=json,,capital,,,,verified,api,daily,2026-07-05,,high
HBK Investments,hbk,yes,seed category 'hedge fund or asset manager',hedge fund or asset manager,,,,,,,,,needs_review,,daily,2026-07-05,no public ATS endpoint found; set workday_cxs_url or careers URL manually,medium
Plutus Research,plutus research,yes,seed category 'hedge fund or asset manager',hedge fund or asset manager,,,,,,,,,needs_review,,daily,2026-07-05,no public ATS endpoint found; set workday_cxs_url or careers URL manually,high
Wincent,wincent,needs_review,no category match and no quant-finance name signal — needs manual review,needs validation,,,,,,,,,,,daily,2026-07-05,,review
Capital Markets Trading,capital markets trading,yes,seed category 'bank or broker dealer',bank or broker dealer,,lever,https://api.lever.co/v0/postings/capital?mode=json,,capital,,,,verified,api,daily,2026-07-05,,high
Headlands Technologies,headlands technologies,needs_review,tech/data provider — include only if it serves trading; needs manual review,tech or data provider,,,,,,,,,,,daily,2026-07-05,,high
PNT Financial,pnt financial,needs_review,no category match and no quant-finance name signal — needs manual review,needs validation,,,,,,,,,,,daily,2026-07-05,,review
Wintermute,wintermute,yes,seed category 'crypto or digital assets',crypto or digital assets,,lever,https://api.lever.co/v0/postings/wintermute-trading?mode=json,,wintermute-trading,,,,verified,api,daily,2026-07-05,,high
Capstone,capstone,needs_review,no category match and no quant-finance name signal — needs manual review,needs validation,,,,,,,,,,,daily,2026-07-05,,review
Hehmeyer,hehmeyer,needs_review,no category match and no quant-finance name signal — needs manual review,needs validation,,,,,,,,,,,daily,2026-07-05,,review
Poetic Group,poetic,needs_review,no category match and no quant-finance name signal — needs manual review,needs validation,,,,,,,,,,,daily,2026-07-05,,review
Winton Group,winton,needs_review,no category match and no quant-finance name signal — needs manual review,needs validation,,,,,,,,,,,daily,2026-07-05,,review
Capula,capula,needs_review,no category match and no quant-finance name signal — needs manual review,needs validation,,,,,,,,,,,daily,2026-07-05,,review
Highbridge Capital Management,highbridge,yes,seed category 'hedge fund or asset manager',hedge fund or asset manager,,,,,,,,,needs_review,,daily,2026-07-05,no public ATS endpoint found; set workday_cxs_url or careers URL manually,high
Portono Technologies,portono technologies,needs_review,tech/data provider — include only if it serves trading; needs manual review,tech or data provider,,,,,,,,,,,daily,2026-07-05,,review
Wolverine Trading,wolverine trading,yes,seed category 'prop trading or market making',prop trading or market making,,,,,,,,,needs_review,,daily,2026-07-05,no public ATS endpoint found; set workday_cxs_url or careers URL manually,high
Castleton Commodities,castleton commodities,yes,seed category 'energy or commodities',energy or commodities,,,,,,,,,needs_review,,daily,2026-07-05,no public ATS endpoint found; set workday_cxs_url or careers URL manually,high
Hilbert Technologies,hilbert technologies,needs_review,tech/data provider — include only if it serves trading; needs manual review,tech or data provider,,,,,,,,,,,daily,2026-07-05,,review
Prime Trading,prime trading,yes,seed category 'prop trading or market making',prop trading or market making,,,,,,,,,needs_review,,daily,2026-07-05,no public ATS endpoint found; set workday_cxs_url or careers URL manually,high
WorldQuant,worldquant,yes,seed category 'hedge fund or asset manager',hedge fund or asset manager,,greenhouse,https://boards-api.greenhouse.io/v1/boards/worldquant/jobs,worldquant,,,,,verified,api,daily,2026-07-05,,high
Caxton Associates,caxton associates,needs_review,no category match and no quant-finance name signal — needs manual review,needs validation,,,,,,,,,,,daily,2026-07-05,,review
Houlihan Lokey,houlihan lokey,needs_review,no category match and no quant-finance name signal — needs manual review,needs validation,,,,,,,,,,,daily,2026-07-05,,review
Priogen,priogen,needs_review,no category match and no quant-finance name signal — needs manual review,needs validation,,,,,,,,,,,daily,2026-07-05,,review
X Asset Management,x,yes,seed category 'hedge fund or asset manager',hedge fund or asset manager,,,,,,,,,needs_review,,daily,2026-07-05,no public ATS endpoint found; set workday_cxs_url or careers URL manually,medium
Centiva Capital,centiva,yes,seed category 'hedge fund or asset manager',hedge fund or asset manager,,,,,,,,,needs_review,,daily,2026-07-05,no public ATS endpoint found; set workday_cxs_url or careers URL manually,high
HSBC,hsbc,yes,seed category 'bank or broker dealer',bank or broker dealer,,,,,,,,,needs_review,,daily,2026-07-05,no public ATS endpoint found; set workday_cxs_url or careers URL manually,medium
Putnam Investments,putnam,yes,seed category 'hedge fund or asset manager',hedge fund or asset manager,,,,,,,,,needs_review,,daily,2026-07-05,no public ATS endpoint found; set workday_cxs_url or careers URL manually,medium
XR Trading,xr trading,yes,seed category 'prop trading or market making',prop trading or market making,,,,,,,,,needs_review,,daily,2026-07-05,no public ATS endpoint found; set workday_cxs_url or careers URL manually,high
Changjiang Securities,changjiang securities,yes,seed category 'bank or broker dealer',bank or broker dealer,,,,,,,,,needs_review,,daily,2026-07-05,no public ATS endpoint found; set workday_cxs_url or careers URL manually,high
Huatai Securities,huatai securities,yes,seed category 'bank or broker dealer',bank or broker dealer,,,,,,,,,needs_review,,daily,2026-07-05,no public ATS endpoint found; set workday_cxs_url or careers URL manually,high
QIM,qim,needs_review,no category match and no quant-finance name signal — needs manual review,needs validation,,,,,,,,,,,daily,2026-07-05,,review
Xantium,xantium,needs_review,no category match and no quant-finance name signal — needs manual review,needs validation,,,,,,,,,,,daily,2026-07-05,,review
Charles Schwab,charles schwab,needs_review,no category match and no quant-finance name signal — needs manual review,needs validation,,,,,,,,,,,daily,2026-07-05,,review
Hudson Bay Capital,hudson bay,yes,seed category 'hedge fund or asset manager',hedge fund or asset manager,,,,,,,,,needs_review,,daily,2026-07-05,no public ATS endpoint found; set workday_cxs_url or careers URL manually,high
QMS Capital,qms,yes,seed category 'hedge fund or asset manager',hedge fund or asset manager,,,,,,,,,needs_review,,daily,2026-07-05,no public ATS endpoint found; set workday_cxs_url or careers URL manually,high
XL Group,xl,needs_review,no category match and no quant-finance name signal — needs manual review,needs validation,,,,,,,,,,,daily,2026-07-05,,review
Chicago Trading Company,chicago trading,yes,seed category 'prop trading or market making',prop trading or market making,,greenhouse,https://boards-api.greenhouse.io/v1/boards/chicagotrading/jobs,chicagotrading,,,,,verified,api,daily,2026-07-05,,high
Hudson River Trading,hudson river trading,yes,seed category 'prop trading or market making',prop trading or market making,,greenhouse,https://boards-api.greenhouse.io/v1/boards/wehrtyou/jobs,wehrtyou,,,,,verified,api,daily,2026-07-05,,high
Quadeye,quadeye,needs_review,no category match and no quant-finance name signal — needs manual review,needs validation,,,,,,,,,,,daily,2026-07-05,,review
XTX Markets,xtx markets,yes,seed category 'prop trading or market making',prop trading or market making,,,,,,,,,needs_review,,daily,2026-07-05,no public ATS endpoint found; set workday_cxs_url or careers URL manually,high
China Asset Management,china,yes,seed category 'hedge fund or asset manager',hedge fund or asset manager,,,,,,,,,needs_review,,daily,2026-07-05,no public ATS endpoint found; set workday_cxs_url or careers URL manually,medium
Hyphen Connect,hyphen connect,needs_review,no category match and no quant-finance name signal — needs manual review,needs validation,,,,,,,,,,,daily,2026-07-05,,review
Qube Research,qube research,yes,seed category 'hedge fund or asset manager',hedge fund or asset manager,,,,,,,,,needs_review,,daily,2026-07-05,no public ATS endpoint found; set workday_cxs_url or careers URL manually,high
XY Capital,xy,yes,seed category 'hedge fund or asset manager',hedge fund or asset manager,,,,,,,,,needs_review,,daily,2026-07-05,no public ATS endpoint found; set workday_cxs_url or careers URL manually,high
China Merchants Asset Management,china merchants,yes,seed category 'hedge fund or asset manager',hedge fund or asset manager,,,,,,,,,needs_review,,daily,2026-07-05,no public ATS endpoint found; set workday_cxs_url or careers URL manually,medium
ICE,ice,needs_review,no category match and no quant-finance name signal — needs manual review,needs validation,,,,,,,,,,,daily,2026-07-05,,review
Quadrature Capital,quadrature,yes,seed category 'hedge fund or asset manager',hedge fund or asset manager,,,,,,,,,needs_review,,daily,2026-07-05,no public ATS endpoint found; set workday_cxs_url or careers URL manually,high
Yinhua Fund Management,yinhua fund,yes,seed category 'hedge fund or asset manager',hedge fund or asset manager,,,,,,,,,needs_review,,daily,2026-07-05,no public ATS endpoint found; set workday_cxs_url or careers URL manually,medium
CIBC,cibc,needs_review,no category match and no quant-finance name signal — needs manual review,needs validation,,,,,,,,,,,daily,2026-07-05,,review
IKOS,ikos,needs_review,no category match and no quant-finance name signal — needs manual review,needs validation,,,,,,,,,,,daily,2026-07-05,,review
Quant China,quant china,yes,seed category 'hedge fund or asset manager',hedge fund or asset manager,,,,,,,,,needs_review,,daily,2026-07-05,no public ATS endpoint found; set workday_cxs_url or careers URL manually,high
Yirui Capital,yirui,yes,seed category 'hedge fund or asset manager',hedge fund or asset manager,,,,,,,,,needs_review,,daily,2026-07-05,no public ATS endpoint found; set workday_cxs_url or careers URL manually,high
CICC,cicc,needs_review,no category match and no quant-finance name signal — needs manual review,needs validation,,,,,,,,,,,daily,2026-07-05,,review
IMC,imc,needs_review,no category match and no quant-finance name signal — needs manual review,needs validation,,,,,,,,,,,daily,2026-07-05,,review
Quantbot Technologies,quantbot technologies,yes,seed category 'hedge fund or asset manager',hedge fund or asset manager,,greenhouse,https://boards-api.greenhouse.io/v1/boards/quantbot-technologies/jobs,quantbot-technologies,,,,,verified,api,daily,2026-07-05,,high
Zebra Capital Management,zebra,yes,seed category 'hedge fund or asset manager',hedge fund or asset manager,,,,,,,,,needs_review,,daily,2026-07-05,no public ATS endpoint found; set workday_cxs_url or careers URL manually,high
Citadel,citadel,needs_review,no category match and no quant-finance name signal — needs manual review,needs validation,,,,,,,,,,,daily,2026-07-05,,review
Income Partners,income,yes,seed category 'hedge fund or asset manager',hedge fund or asset manager,,,,,,,,,needs_review,,daily,2026-07-05,no public ATS endpoint found; set workday_cxs_url or careers URL manually,medium
Quantedge,quantedge,yes,seed category 'hedge fund or asset manager',hedge fund or asset manager,,,,,,,,,needs_review,,daily,2026-07-05,no public ATS endpoint found; set workday_cxs_url or careers URL manually,high
Zhengzhou Commodity Exchange,zhengzhou commodity exchange,yes,seed category 'energy or commodities',energy or commodities,,,,,,,,,needs_review,,daily,2026-07-05,no public ATS endpoint found; set workday_cxs_url or careers URL manually,medium
Citadel Securities,citadel securities,yes,seed category 'bank or broker dealer',bank or broker dealer,,,,,,,,,needs_review,,daily,2026-07-05,no public ATS endpoint found; set workday_cxs_url or careers URL manually,high
Industrial Securities,industrial securities,yes,seed category 'bank or broker dealer',bank or broker dealer,,greenhouse,https://boards-api.greenhouse.io/v1/boards/industrial/jobs,industrial,,,,,verified,api,daily,2026-07-05,,high
QuantHub,quanthub,yes,seed category 'hedge fund or asset manager',hedge fund or asset manager,,,,,,,,,needs_review,,daily,2026-07-05,no public ATS endpoint found; set workday_cxs_url or careers URL manually,high
Zheshang Fund Management,zheshang fund,yes,seed category 'hedge fund or asset manager',hedge fund or asset manager,,,,,,,,,needs_review,,daily,2026-07-05,no public ATS endpoint found; set workday_cxs_url or careers URL manually,medium
Citi,citi,yes,seed category 'bank or broker dealer',bank or broker dealer,,,,,,,,,needs_review,,daily,2026-07-05,no public ATS endpoint found; set workday_cxs_url or careers URL manually,high
ING,ing,needs_review,no category match and no quant-finance name signal — needs manual review,needs validation,,,,,,,,,,,daily,2026-07-05,,review
Quantica Capital,quantica,yes,seed category 'hedge fund or asset manager',hedge fund or asset manager,,,,,,,,,needs_review,,daily,2026-07-05,no public ATS endpoint found; set workday_cxs_url or careers URL manually,high
ZheShang Securities,zheshang securities,yes,seed category 'bank or broker dealer',bank or broker dealer,,,,,,,,,needs_review,,daily,2026-07-05,no public ATS endpoint found; set workday_cxs_url or careers URL manually,high
Clear Market View,clear market view,needs_review,no category match and no quant-finance name signal — needs manual review,needs validation,,,,,,,,,,,daily,2026-07-05,,review
Invesco,invesco,needs_review,no category match and no quant-finance name signal — needs manual review,needs validation,,,,,,,,,,,daily,2026-07-05,,review
Quantlab Financial,quantlab financial,yes,seed category 'hedge fund or asset manager',hedge fund or asset manager,,,,,,,,,needs_review,,daily,2026-07-05,no public ATS endpoint found; set workday_cxs_url or careers URL manually,high
CME Group,cme,needs_review,no category match and no quant-finance name signal — needs manual review,needs validation,,,,,,,,,,,daily,2026-07-05,,review
Investec,investec,yes,name signals: invest,needs validation,,,,,,,,,needs_review,,daily,2026-07-05,no public ATS endpoint found; set workday_cxs_url or careers URL manually,review
Quantlane,quantlane,yes,seed category 'hedge fund or asset manager',hedge fund or asset manager,,lever,https://api.lever.co/v0/postings/quantlane?mode=json,,quantlane,,,,verified,api,daily,2026-07-05,,high
Chase,chase,needs_review,no category match and no quant-finance name signal — needs manual review,needs validation,,,,,,,,,,,daily,2026-07-05,,review
IPI,ipi,needs_review,no category match and no quant-finance name signal — needs manual review,needs validation,,,,,,,,,,,daily,2026-07-05,,review
QuantRes,quantres,yes,seed category 'hedge fund or asset manager',hedge fund or asset manager,,,,,,,,,needs_review,,daily,2026-07-05,no public ATS endpoint found; set workday_cxs_url or careers URL manually,high
CMZ Trading,cmz trading,yes,seed category 'prop trading or market making',prop trading or market making,,,,,,,,,needs_review,,daily,2026-07-05,no public ATS endpoint found; set workday_cxs_url or careers URL manually,high
iRage Capital,irage,yes,seed category 'hedge fund or asset manager',hedge fund or asset manager,,,,,,,,,needs_review,,daily,2026-07-05,no public ATS endpoint found; set workday_cxs_url or careers URL manually,high
Quantum Capital,quantum,yes,seed category 'hedge fund or asset manager',hedge fund or asset manager,,ashby,https://api.ashbyhq.com/posting-api/job-board/quantum,,,quantum,,,verified,api,daily,2026-07-05,,high
Coinbase Asset Management,coinbase,yes,seed category 'crypto or digital assets',crypto or digital assets,,greenhouse,https://boards-api.greenhouse.io/v1/boards/coinbase/jobs,coinbase,,,,,verified,api,daily,2026-07-05,,medium
Istra Research,istra research,yes,seed category 'hedge fund or asset manager',hedge fund or asset manager,,,,,,,,,needs_review,,daily,2026-07-05,no public ATS endpoint found; set workday_cxs_url or careers URL manually,high
Quest Partners,quest,yes,seed category 'hedge fund or asset manager',hedge fund or asset manager,,,,,,,,,needs_review,,daily,2026-07-05,no public ATS endpoint found; set workday_cxs_url or careers URL manually,medium
Consolidated Trading,consolidated trading,yes,seed category 'prop trading or market making',prop trading or market making,,,,,,,,,needs_review,,daily,2026-07-05,no public ATS endpoint found; set workday_cxs_url or careers URL manually,high
IXM,ixm,needs_review,no category match and no quant-finance name signal — needs manual review,needs validation,,,,,,,,,,,daily,2026-07-05,,review
Radix Trading,radix trading,yes,seed category 'prop trading or market making',prop trading or market making,,greenhouse,https://boards-api.greenhouse.io/v1/boards/radixuniversity/jobs,radixuniversity,,,,,verified,api,daily,2026-07-05,,high
CQS,cqs,needs_review,no category match and no quant-finance name signal — needs manual review,needs validation,,,,,,,,,,,daily,2026-07-05,,review
Jacobs Levy Equity Management,jacobs levy equity,yes,seed category 'hedge fund or asset manager',hedge fund or asset manager,,,,,,,,,needs_review,,daily,2026-07-05,no public ATS endpoint found; set workday_cxs_url or careers URL manually,medium
Renaissance Technologies,renaissance technologies,needs_review,tech/data provider — include only if it serves trading; needs manual review,tech or data provider,,,,,,,,,,,daily,2026-07-05,,review
Crabel Capital,crabel,yes,seed category 'hedge fund or asset manager',hedge fund or asset manager,,greenhouse,https://boards-api.greenhouse.io/v1/boards/crabel/jobs,crabel,,,,,verified,api,daily,2026-07-05,,high
Jain Global,jain,needs_review,no category match and no quant-finance name signal — needs manual review,needs validation,,,,,,,,,,,daily,2026-07-05,,review
Revolution Capital,revolution,yes,seed category 'hedge fund or asset manager',hedge fund or asset manager,,,,,,,,,needs_review,,daily,2026-07-05,no public ATS endpoint found; set workday_cxs_url or careers URL manually,high
CRC Capital,crc,yes,seed category 'hedge fund or asset manager',hedge fund or asset manager,,,,,,,,,needs_review,,daily,2026-07-05,no public ATS endpoint found; set workday_cxs_url or careers URL manually,high
Jane Street,jane street,needs_review,no category match and no quant-finance name signal — needs manual review,needs validation,,,,,,,,,,,daily,2026-07-05,,high
RG Niederhofer,rg niederhofer,needs_review,no category match and no quant-finance name signal — needs manual review,needs validation,,,,,,,,,,,daily,2026-07-05,,review
CSC Arbitrage,csc arbitrage,yes,seed category 'prop trading or market making',prop trading or market making,,,,,,,,,needs_review,,daily,2026-07-05,no public ATS endpoint found; set workday_cxs_url or careers URL manually,high
Janus Henderson Investors,janus henderson investors,yes,seed category 'hedge fund or asset manager',hedge fund or asset manager,,,,,,,,,needs_review,,daily,2026-07-05,no public ATS endpoint found; set workday_cxs_url or careers URL manually,medium
Rocket Capital,rocket,yes,seed category 'hedge fund or asset manager',hedge fund or asset manager,,,,,,,,,needs_review,,daily,2026-07-05,no public ATS endpoint found; set workday_cxs_url or careers URL manually,high
CTC,ctc,needs_review,no category match and no quant-finance name signal — needs manual review,needs validation,,,,,,,,,,,daily,2026-07-05,,review
Jefferies,jefferies,needs_review,no category match and no quant-finance name signal — needs manual review,needs validation,,,,,,,,,,,daily,2026-07-05,,review
Rokos Capital,rokos,yes,seed category 'hedge fund or asset manager',hedge fund or asset manager,,,,,,,,,needs_review,,daily,2026-07-05,no public ATS endpoint found; set workday_cxs_url or careers URL manually,high
Cubist,cubist,needs_review,no category match and no quant-finance name signal — needs manual review,needs validation,,,,,,,,,,,daily,2026-07-05,,review
Jin Ge,jin ge,needs_review,no category match and no quant-finance name signal — needs manual review,needs validation,,,,,,,,,,,daily,2026-07-05,,review
Rothesay Life,rothesay life,needs_review,no category match and no quant-finance name signal — needs manual review,needs validation,,,,,,,,,,,daily,2026-07-05,,review
CoinLion,coinlion,yes,seed category 'crypto or digital assets',crypto or digital assets,,,,,,,,,needs_review,,daily,2026-07-05,no public ATS endpoint found; set workday_cxs_url or careers URL manually,medium
Jocassee Quantitative,jocassee quantitative,yes,seed category 'hedge fund or asset manager',hedge fund or asset manager,,,,,,,,,needs_review,,daily,2026-07-05,no public ATS endpoint found; set workday_cxs_url or careers URL manually,high
Royal Bank of Canada,royal bank of canada,yes,seed category 'bank or broker dealer',bank or broker dealer,,,,,,,,,needs_review,,daily,2026-07-05,no public ATS endpoint found; set workday_cxs_url or careers URL manually,medium
Credit Suisse,credit suisse,needs_review,no category match and no quant-finance name signal — needs manual review,needs validation,,,,,,,,,,,daily,2026-07-05,,review
John Street,john street,needs_review,no category match and no quant-finance name signal — needs manual review,needs validation,,,,,,,,,,,daily,2026-07-05,,review
Royal Bank of Scotland,royal bank of scotland,yes,seed category 'bank or broker dealer',bank or broker dealer,,,,,,,,,needs_review,,daily,2026-07-05,no public ATS endpoint found; set workday_cxs_url or careers URL manually,medium
Cumberland,cumberland,needs_review,no category match and no quant-finance name signal — needs manual review,needs validation,,,,,,,,,,,daily,2026-07-05,,review
JP Morgan,jp morgan,yes,seed category 'bank or broker dealer',bank or broker dealer,,,,,,,,,needs_review,,daily,2026-07-05,no public ATS endpoint found; set workday_cxs_url or careers URL manually,medium
RSJ,rsj,needs_review,no category match and no quant-finance name signal — needs manual review,needs validation,,,,,,,,,,,daily,2026-07-05,,review
D2X,d2x,needs_review,no category match and no quant-finance name signal — needs manual review,needs validation,,,,,,,,,,,daily,2026-07-05,,review
RWE Trading,rwe trading,yes,seed category 'energy or commodities',energy or commodities,,,,,,,,,needs_review,,daily,2026-07-05,no public ATS endpoint found; set workday_cxs_url or careers URL manually,high
